"index","guid","isactive","balance","age","name","gender","company","email","phone","address","registered"
0,"45fa816e-c0ca-4ec2-954b-5b9243e54317",false,"2,437",29,"Janelle Hood","female","APEX","janellehood@apex.com","+1 (860) 501-2195","321 Gunnison Court, Vicksburg, South Carolina, 6975","2015-10-31T03:29:26 -01:00"
1,"34566acc-c27e-4962-8220-228e3a2f1ed7",false,"2,688",24,"Jerry Blackburn","female","PHARMACON","jerryblackburn@pharmacon.com","+1 (846) 562-2807","875 Poplar Avenue, Skyland, Maine, 4426","2015-08-16T03:15:39 -02:00"
2,"a5ce893b-c819-449d-8c18-ed4da3c4dee6",true,"-2,702",27,"Bonnie Ratliff","female","UNI","bonnieratliff@uni.com","+1 (856) 585-3737","749 Devon Avenue, Hinsdale, Palau, 618","2017-01-28T04:43:26 -01:00"
3,"6e8185a6-2f40-4e0a-a0b1-0af910938885",false,"2,148",27,"Margo Cole","female","LUMBREX","margocole@lumbrex.com","+1 (983) 407-2577","506 Louisiana Avenue, Eggertsville, West Virginia, 3263","2016-12-29T10:07:13 -01:00"
4,"f4b7ffaa-3826-4880-be01-ee6bd54ab5e5",false,"2,500",30,"Scott Rivers","male","MOTOVATE","scottrivers@motovate.com","+1 (989) 400-3211","923 Highland Boulevard, Ernstville, Alabama, 9846","2014-05-22T08:55:25 -02:00"
5,"f0482c79-f41e-49cc-803a-5f23413e230a",false,"2,049",23,"Lynnette Matthews","female","GREEKER","lynnettematthews@greeker.com","+1 (817) 484-2762","745 Story Court, Takilma, Indiana, 7587","2015-04-24T04:28:11 -02:00"
6,"33e354ed-3152-41e7-988f-bd0b8fc7ace4",false,"3,645",26,"Casey Mckenzie","male","CHILLIUM","caseymckenzie@chillium.com","+1 (970) 425-3758","189 Royce Street, Rivers, Utah, 8062","2016-01-04T06:57:35 -01:00"
7,"6f4aaca6-5ea1-4bad-81f2-aad59d9d1491",true,"-3,067",38,"Roxanne Day","female","POWERNET","roxanneday@powernet.com","+1 (972) 448-3771","592 Stillwell Avenue, Warsaw, Nevada, 2743","2016-08-22T02:14:48 -02:00"
8,"2ebb4cfc-edf1-4740-afaf-e26af5ba3661",true,"3,425",24,"Colette Guthrie","female","CAPSCREEN","coletteguthrie@capscreen.com","+1 (954) 466-3030","843 Cortelyou Road, Lemoyne, Florida, 2759","2016-04-07T05:04:58 -02:00"
9,"e42b3d58-771f-4ae2-b073-2eab98be3dc8",false,"2,234",36,"Roseann Weber","female","ANACHO","roseannweber@anacho.com","+1 (929) 442-3442","535 Berkeley Place, Emerald, Arizona, 7783","2016-09-25T06:23:58 -02:00"
10,"c75f90b3-323d-47b4-b8e8-1a8460ec0467",false,"2,180",23,"Cunningham Mullins","male","LIQUIDOC","cunninghammullins@liquidoc.com","+1 (887) 537-3746","817 Chauncey Street, Neibert, California, 7122","2016-11-25T03:36:39 -01:00"
11,"33ec9587-cf82-4f62-8b85-4dfcf06f045d",false,"2,198",21,"Christensen Kirby","male","ROUGHIES","christensenkirby@roughies.com","+1 (922) 596-3538","516 Atlantic Avenue, Muir, Virginia, 9597","2014-04-29T09:15:49 -02:00"
12,"4da77ba2-be1d-4f80-9722-dd4499055769",true,"2,044",37,"Massey Boyer","male","FUTURIS","masseyboyer@futuris.com","+1 (869) 441-2535","774 Bartlett Street, Elwood, Tennessee, 5863","2016-11-24T05:28:21 -01:00"
13,"0c45ee0e-1c4d-4c74-9662-addecf712ff8",true,"1,089",34,"Mcintyre Jensen","male","HAWKSTER","mcintyrejensen@hawkster.com","+1 (837) 404-2725","292 Elmwood Avenue, Bergoo, Federated States Of Micronesia, 3598","2016-07-15T07:29:25 -02:00"
14,"69b9adb9-d2f2-48cd-9863-25c504d4fa11",false,"2,095",25,"Bowers Shepard","male","ECRATIC","bowersshepard@ecratic.com","+1 (837) 418-2981","742 Dank Court, Levant, Delaware, 483","2014-12-18T02:15:21 -01:00"
15,"65d29af9-2d02-4ffc-88cc-c88e3c8c111f",true,"3,911",26,"Jessica Mills","female","COGNICODE","jessicamills@cognicode.com","+1 (924) 513-2312","608 Kenmore Terrace, Century, Michigan, 8892","2014-12-22T10:26:49 -01:00"
16,"723da54b-95c7-4c5a-9ac3-101813ed49a0",false,"2,757",22,"Nell Harrell","female","HINWAY","nellharrell@hinway.com","+1 (914) 585-2164","541 Sheffield Avenue, Buxton, Maryland, 5134","2014-06-14T08:37:17 -02:00"
17,"6db8c7a6-c5aa-43e3-afed-f3b9aec168e1",true,"1,223",32,"Mcdaniel Sheppard","male","ZAGGLE","mcdanielsheppard@zaggle.com","+1 (906) 478-2108","352 Centre Street, Reno, New Jersey, 5983","2015-01-15T03:49:16 -01:00"
18,"b386203b-9c23-4215-94eb-101bc9e192da",true,"1,747",23,"Valdez Sullivan","male","COMSTRUCT","valdezsullivan@comstruct.com","+1 (988) 520-2075","554 Hubbard Place, Tuskahoma, Ohio, 2971","2015-12-29T11:11:29 -01:00"
19,"fb0344a2-6563-4098-9950-6f0c9c5b4b4e",true,"2,374",21,"Kenya Ellis","female","ZENCO","kenyaellis@zenco.com","+1 (881) 587-3775","445 Tabor Court, Nash, Wyoming, 1879","2014-07-12T06:31:47 -02:00"
20,"e45d27dd-e121-45f0-94ed-0745b905b8d6",true,"1,087",30,"Patrice Gross","female","ZEPITOPE","patricegross@zepitope.com","+1 (877) 451-3987","760 Macdougal Street, Fontanelle, Oklahoma, 1630","2014-09-14T02:35:35 -02:00"
21,"69ec3f4d-a581-42be-a36b-6ac5a5684d52",true,"3,043",40,"Marcy Blankenship","female","BALUBA","marcyblankenship@baluba.com","+1 (888) 456-3629","662 Florence Avenue, Waikele, Kentucky, 296","2016-02-01T05:08:31 -01:00"
22,"ae27bdab-3896-4494-ae9b-af51fa8ccca9",false,"1,096",28,"Kristin Newman","female","ISOPOP","kristinnewman@isopop.com","+1 (867) 594-2047","659 Henderson Walk, Nescatunga, Northern Mariana Islands, 6773","2014-07-16T02:24:23 -02:00"
23,"03d6aeaa-baa9-476d-ba2a-52f5b1f5cfe7",false,"1,246",21,"Mejia Thompson","male","KENGEN","mejiathompson@kengen.com","+1 (985) 570-2837","734 Neptune Avenue, Saranap, Wisconsin, 1131","2015-03-15T06:47:11 -01:00"
24,"3f8232e0-3121-4f66-8515-92b3229e9058",false,"3,564",39,"Roxie Downs","female","STEELTAB","roxiedowns@steeltab.com","+1 (828) 403-2498","384 Temple Court, Russellville, Missouri, 446","2015-04-14T01:32:44 -02:00"
25,"9efec6b9-8c86-4f28-a16a-5f9b053655d1",true,"1,975",40,"Morris Small","male","UNCORP","morrissmall@uncorp.com","+1 (899) 595-3031","506 Pilling Street, Bluffview, South Dakota, 5412","2014-07-15T12:38:49 -02:00"
26,"fd07d126-9365-403b-b24a-df9298bb9770",true,"2,558",26,"Slater Bowen","male","ZOINAGE","slaterbowen@zoinage.com","+1 (845) 596-3217","282 Schweikerts Walk, Bedias, Massachusetts, 625","2016-11-07T08:05:37 -01:00"
27,"99200fa7-29f9-4c3b-b9a7-af4c4c72a9a3",false,"1,070",28,"Morton Parker","male","GONKLE","mortonparker@gonkle.com","+1 (987) 563-3518","860 Johnson Street, Drummond, North Carolina, 9773","2015-06-25T06:45:30 -02:00"
28,"fc03c81f-c6b8-4b5a-8cb0-3e1b869e2f71",true,"1,634",37,"Stewart Watkins","male","MIRACULA","stewartwatkins@miracula.com","+1 (828) 418-3819","431 Mill Road, Loveland, Alaska, 3315","2015-12-23T08:12:37 -01:00"
29,"109f7dd1-2730-4066-af41-f2b2f3d4c55a",false,"2,905",26,"Cortez Gill","male","ULTRASURE","cortezgill@ultrasure.com","+1 (851) 581-2009","234 Sunnyside Avenue, Soham, New York, 3262","2016-08-15T08:14:01 -02:00"
30,"db0b22be-42e4-4466-83fd-9e679aeaf302",true,"2,593",25,"Deann Conway","female","KAGGLE","deannconway@kaggle.com","+1 (934) 516-3290","185 Hutchinson Court, Mansfield, Washington, 3251","2015-01-28T11:13:02 -01:00"
31,"a59fc20d-9a74-4edd-be5f-5656bec3f26e",false,"2,369",40,"Karina Roman","female","KENEGY","karinaroman@kenegy.com","+1 (820) 524-2548","799 Chester Street, Summertown, Illinois, 4959","2016-06-03T04:02:02 -02:00"
32,"7566e15c-4fed-48c7-894d-c07087513999",false,"3,671",34,"Brewer Shepherd","male","DENTREX","brewershepherd@dentrex.com","+1 (833) 488-3836","974 Butler Street, Cedarville, Virgin Islands, 3737","2015-04-23T07:48:50 -02:00"
